jahr;stichtag;stadtbezirk_id;stadtbezirk_name;einw_ges;einw_alter_unter1j;einw_alter_1bis_unter3j;einw_alter_3bis_unter5j;einw_alter_5bis_unter6j;einw_alter_6bis_unter10j;einw_alter_10bis_unter14j;einw_alter_14bis_unter15j;einw_alter_15bis_unter18j;einw_alter_18bis_unter21j;einw_alter_21bis_unter25j;einw_alter_25bis_unter30j;einw_alter_30bis_unter40j;einw_alter_40bis_unter45j;einw_alter_45bis_unter60j;einw_alter_60bis_unter65j;einw_alter_65bis_unter70j;einw_alter_70bis_unter75j;einw_alter_75j_u_aelter;durchschnittsalter_in_jahren
2023;20231231;057110000;Mitte;81616;724;1429;1357;697;2499;2410;619;1999;2666;5963;9270;14165;5195;15028;4684;3705;3001;6205;40,8
2023;20231231;057110001;Schildesche;42595;340;780;751;384;1500;1456;320;1052;1451;2918;3803;6055;2539;7911;2727;2208;1843;4557;42,9
2023;20231231;057110002;Gadderbaum;10210;62;156;167;66;300;347;98;330;341;516;657;1357;589;2271;828;593;425;1107;45
2023;20231231;057110003;Brackwede;40873;335;853;894;404;1625;1482;368;1243;1257;1834;2560;5513;2747;8469;2705;2267;1827;4490;43,7
2023;20231231;057110004;Dornberg;20297;126;310;352;206;804;722;188;470;741;1285;1339;2433;1228;3973;1417;1250;1036;2417;44,6
2023;20231231;057110005;Jöllenbeck;23309;192;470;482;271;1032;981;222;703;675;885;1139;2795;1470;4721;1795;1439;1230;2807;44,9
2023;20231231;057110006;Heepen;48251;428;1015;1077;530;2130;2214;522;1765;1762;2161;2756;6022;2963;9534;3270;2717;2366;5019;42,8
2023;20231231;057110007;Stieghorst;33110;313;690;707;365;1463;1366;326;1065;1142;1623;2052;4258;2023;6673;2238;1900;1514;3392;42,9
2023;20231231;057110008;Sennestadt;22415;180;477;531;264;1022;950;250;779;770;927;1248;2891;1414;4388;1603;1279;978;2464;43,2
2023;20231231;057110009;Senne;21333;157;436;443;239;926;882;235;692;658;855;1107;2623;1388;4470;1589;1300;1036;2297;44,1
2023;20230630;057110000;Mitte;81959;671;1509;1376;688;2522;2514;613;1987;2730;6105;9296;14070;5217;15161;4575;3698;2968;6259;40,7
2023;20230630;057110001;Schildesche;42580;347;784;744;394;1510;1410;345;1063;1369;2912;3857;5961;2578;7984;2685;2191;1837;4609;43
2023;20230630;057110002;Gadderbaum;10285;57;168;168;61;320;359;101;314;357;479;679;1379;587;2323;788;603;413;1129;44,9
2023;20230630;057110003;Brackwede;41095;361;863;882;391;1651;1482;380;1239;1246;1831;2583;5539;2809;8545;2687;2256;1828;4522;43,7
2023;20230630;057110004;Dornberg;20111;127;314;356;209;773;722;180;487;747;1255;1304;2367;1223;3981;1372;1248;1038;2408;44,7
2023;20230630;057110005;Jöllenbeck;23255;200;465;511;253;1008;978;227;723;674;877;1125;2775;1434;4792;1765;1423;1249;2776;44,8
2023;20230630;057110006;Heepen;48112;420;1006;1133;532;2115;2195;542;1711;1697;2206;2697;6033;2923;9591;3269;2713;2354;4975;42,8
2023;20230630;057110007;Stieghorst;33082;287;699;713;364;1457;1361;342;1079;1126;1602;2054;4239;1996;6728;2227;1862;1531;3415;42,9
2023;20230630;057110008;Sennestadt;22475;187;499;551;247;1023;954;263;777;777;953;1218;2858;1430;4429;1559;1268;963;2519;43,1
2023;20230630;057110009;Senne;21359;201;429;425;236;922;876;236;705;640;837;1104;2639;1379;4534;1574;1292;1013;2317;44,1
2022;20221231;057110000;Mitte;81544;709;1508;1417;642;2478;2490;658;1934;2677;6148;9291;13846;5119;15206;4532;3673;2901;6315;40,7
2022;20221231;057110001;Schildesche;42485;350;776;760;399;1493;1416;334;1061;1405;2963;3831;5816;2576;8089;2586;2206;1776;4648;42,9
2022;20221231;057110002;Gadderbaum;10471;87;171;160;85;307;359;104;318;374;495;736;1377;593;2358;784;610;397;1156;44,7
2022;20221231;057110003;Brackwede;41123;425;846;884;443;1617;1478;398;1245;1230;1843;2569;5519;2813;8587;2684;2172;1833;4537;43,6
2022;20221231;057110004;Dornberg;20083;133;350;378;215;745;731;153;513;767;1203;1278;2362;1231;4000;1389;1206;1026;2403;44,6
2022;20221231;057110005;Jöllenbeck;23320;210;501;505;267;987;972;243;700;688;886;1176;2737;1432;4887;1723;1403;1255;2748;44,7
2022;20221231;057110006;Heepen;47902;452;1027;1077;532;2102;2155;594;1657;1765;2163;2718;6009;2908;9603;3222;2662;2290;4966;42,7
2022;20221231;057110007;Stieghorst;33050;325;695;718;379;1424;1357;370;1076;1133;1585;2057;4221;1974;6800;2204;1786;1526;3420;42,8
2022;20221231;057110008;Sennestadt;22472;197;508;525;255;985;951;265;787;771;958;1267;2845;1411;4477;1531;1250;954;2535;43,1
2022;20221231;057110009;Senne;21321;191;433;437;248;868;875;230;678;658;872;1068;2660;1370;4592;1577;1254;986;2324;44,1
2022;20220630;057110000;Mitte;81406;781;1510;1407;664;2490;2503;630;1925;2555;6119;9241;13877;5049;15295;4441;3646;2907;6366;40,7
2022;20220630;057110001;Schildesche;42497;369;777;757;412;1461;1420;362;1036;1371;3013;3811;5846;2489;8175;2539;2221;1732;4706;43
2022;20220630;057110002;Gadderbaum;10470;79;177;154;90;317;380;99;317;350;495;697;1380;611;2412;760;608;392;1152;44,7
2022;20220630;057110003;Brackwede;41134;413;886;835;464;1596;1487;416;1225;1241;1893;2518;5625;2704;8621;2662;2109;1843;4596;43,6
2022;20220630;057110004;Dornberg;19772;145;341;378;205;725;729;166;508;641;1096;1248;2352;1191;4079;1355;1191;1014;2408;44,9
2022;20220630;057110005;Jöllenbeck;23335;210;507;511;287;945;959;222;731;699;919;1178;2770;1409;4965;1679;1381;1206;2757;44,5
2022;20220630;057110006;Heepen;47721;473;1031;1068;514;2077;2158;558;1666;1750;2201;2767;5890;2871;9623;3191;2629;2263;4991;42,7
2022;20220630;057110007;Stieghorst;32972;354;707;703;394;1411;1348;364;1059;1113;1595;2086;4188;1955;6759;2213;1739;1525;3459;42,8
2022;20220630;057110008;Sennestadt;22385;231;500;512;230;997;946;258;776;749;993;1261;2803;1370;4491;1513;1221;946;2588;43,2
2022;20220630;057110009;Senne;21203;166;404;452;250;878;861;239;661;673;881;1031;2654;1390;4608;1539;1222;966;2328;44,1
2021;20211231;057110000;Mitte;80403;844;1487;1363;633;2457;2401;600;1857;2548;6193;8982;13617;4974;15289;4348;3586;2838;6386;40,8
2021;20211231;057110001;Schildesche;42410;410;756;771;410;1417;1381;340;1058;1409;3070;3770;5825;2397;8260;2480;2196;1752;4708;42,9
2021;20211231;057110002;Gadderbaum;10239;86;168;151;77;295;353;106;271;346;503;680;1318;600;2405;739;596;394;1151;45
2021;20211231;057110003;Brackwede;40814;405;891;824;418;1524;1452;411;1207;1229;1916;2527;5579;2574;8697;2624;2103;1817;4616;43,7
2021;20211231;057110004;Dornberg;19681;169;325;405;193;699;693;179;489;687;1073;1207;2340;1174;4120;1333;1180;1001;2414;44,9
2021;20211231;057110005;Jöllenbeck;23105;229;493;511;243;966;924;227;708;689;954;1147;2710;1390;4990;1645;1347;1209;2723;44,6
2021;20211231;057110006;Heepen;47152;485;1013;1033;523;2010;2137;496;1677;1681;2186;2694;5815;2814;9670;3100;2612;2189;5017;42,9
2021;20211231;057110007;Stieghorst;32292;329;671;722;341;1376;1307;334;1017;1142;1532;2025;4069;1911;6701;2179;1715;1479;3442;43,1
2021;20211231;057110008;Sennestadt;22200;241;502;494;242;973;944;244;778;737;1018;1229;2766;1364;4439;1489;1192;895;2653;43,2
2021;20211231;057110009;Senne;21123;199;418;469;228;834;869;241;641;674;880;1082;2614;1363;4629;1489;1216;940;2337;44
2021;20210630;057110000;Mitte;80225;848;1501;1360;650;2415;2401;604;1818;2430;6191;8817;13727;4941;15394;4297;3562;2805;6464;40,8
2021;20210630;057110001;Schildesche;42161;402;725;794;374;1428;1367;333;1024;1390;3003;3762;5803;2339;8344;2442;2174;1731;4726;43
2021;20210630;057110002;Gadderbaum;10259;97;168;155;52;294;360;106;267;351;514;678;1325;617;2402;728;595;396;1154;45
2021;20210630;057110003;Brackwede;40644;407;871;836;392;1506;1485;372;1225;1245;1937;2504;5498;2561;8666;2593;2107;1787;4652;43,8
2021;20210630;057110004;Dornberg;19589;153;335;402;178;715;695;151;497;638;1085;1168;2367;1160;4113;1362;1148;1015;2407;45
2021;20210630;057110005;Jöllenbeck;23010;225;507;502;227;949;888;235;730;679;958;1160;2724;1342;5030;1619;1309;1217;2709;44,6
2021;20210630;057110006;Heepen;47163;437;1058;1020;513;2047;2100;529;1669;1721;2185;2719;5779;2794;9755;3044;2600;2117;5076;42,8
2021;20210630;057110007;Stieghorst;32209;321;686;728;334;1335;1307;315;1055;1112;1525;1962;4052;1934;6705;2172;1710;1490;3466;43,2
2021;20210630;057110008;Sennestadt;22037;214;511;455;261;971;955;255;769;705;995;1175;2726;1341;4445;1485;1172;866;2736;43,5
2021;20210630;057110009;Senne;21086;201;406;475;233;820;879;228;655;677;867;1094;2620;1344;4649;1464;1220;910;2344;44
2020;20201231;057110000;Mitte;80613;788;1511;1326;664;2398;2441;608;1856;2537;6304;8860;13722;4996;15542;4271;3505;2748;6536;40,8
2020;20201231;057110001;Schildesche;42322;385;745;786;367;1443;1331;367;1002;1451;3143;3768;5718;2381;8408;2392;2119;1683;4833;43
2020;20201231;057110002;Gadderbaum;10300;80;156;159;60;307;374;85;288;336;543;669;1324;608;2465;696;598;381;1171;44,9
2020;20201231;057110003;Brackwede;40621;435;874;854;373;1510;1508;392;1202;1281;1938;2533;5453;2554;8618;2574;2053;1760;4709;43,6
2020;20201231;057110004;Dornberg;19588;139;353;392;193;676;707;147;500;660;1065;1186;2364;1158;4148;1367;1119;984;2430;45
2020;20201231;057110005;Jöllenbeck;22866;244;476;481;224;962;889;229;715;707;940;1146;2669;1323;5074;1611;1277;1179;2720;44,6
2020;20201231;057110006;Heepen;47189;462;1024;1037;490;2051;2083;567;1645;1734;2175;2773;5800;2747;9838;3000;2611;2029;5123;42,8
2020;20201231;057110007;Stieghorst;32332;324;700;698;342;1347;1314;312;1076;1151;1538;1960;4043;1977;6755;2126;1680;1476;3513;43,1
2020;20201231;057110008;Sennestadt;22080;220;497;465;238;953;964;245;769;731;962;1211;2701;1333;4516;1470;1149;846;2810;43,6
2020;20201231;057110009;Senne;21069;195;430;473;225;821;883;206;662;687;857;1132;2622;1336;4665;1431;1225;862;2357;43,9
2020;20200630;057110000;Mitte;81010;795;1549;1392;682;2405;2462;571;1841;2532;6267;8972;13821;4987;15663;4246;3506;2696;6623;40,7
2020;20200630;057110001;Schildesche;42401;379;751;786;343;1504;1338;359;999;1438;3238;3716;5701;2405;8426;2385;2070;1635;4928;42,9
2020;20200630;057110002;Gadderbaum;10327;75;156;141;83;308;374;89;272;363;558;638;1336;604;2481;712;552;388;1197;44,9
2020;20200630;057110003;Brackwede;40776;444;845;868;384;1504;1498;412;1207;1290;1936;2628;5485;2527;8634;2561;2061;1720;4772;43,6
2020;20200630;057110004;Dornberg;19551;160;340;367;194;683;675;165;499;654;1069;1203;2355;1134;4179;1317;1126;951;2480;45
2020;20200630;057110005;Jöllenbeck;22472;219;440;467;219;900;864;261;685;713;936;1136;2557;1278;5097;1611;1244;1089;2756;44,8
2020;20200630;057110006;Heepen;47283;517;984;1013;502;2054;2079;554;1666;1793;2206;2752;5729;2777;9904;2977;2611;1937;5228;42,8
2020;20200630;057110007;Stieghorst;32214;334;663;698;342;1333;1278;340;1075;1143;1509;2033;3987;1935;6781;2101;1663;1398;3601;43,1
2020;20200630;057110008;Sennestadt;22012;234;475;472;238;924;960;231;747;718;979;1239;2698;1273;4519;1490;1119;806;2890;43,7
2020;20200630;057110009;Senne;21100;185;442;467;223;829;878;220;664;717;863;1158;2595;1318;4715;1412;1175;853;2386;43,8
2019;20191231;057110000;Mitte;81456;830;1549;1411;641;2424;2487;603;1833;2719;6471;8955;13784;4987;15783;4217;3458;2654;6650;40,6
2019;20191231;057110001;Schildesche;42543;360;784;781;350;1483;1373;335;1003;1579;3203;3733;5669;2364;8546;2376;2027;1632;4945;42,9
2019;20191231;057110002;Gadderbaum;10371;89;152;135;74;312;369;88;290;373;544;659;1328;613;2504;697;553;375;1216;44,9
2019;20191231;057110003;Brackwede;40753;444;877;809;400;1509;1529;401;1183;1328;1884;2663;5458;2525;8687;2546;2059;1681;4770;43,5
2019;20191231;057110004;Dornberg;19640;154;364;376;165;702;653;171;507;700;1077;1220;2351;1117;4217;1324;1129;927;2486;44,9
2019;20191231;057110005;Jöllenbeck;22413;208;461;418;241;874;864;230;693;717;938;1146;2574;1255;5193;1533;1261;1048;2759;44,8
2019;20191231;057110006;Heepen;47396;464;1008;1013;509;2055;2098;523;1716;1750;2225;2851;5672;2829;9998;2920;2581;1884;5300;42,7
2019;20191231;057110007;Stieghorst;32159;325;685;666;359;1286;1292;358;1084;1154;1487;2028;3976;1915;6849;2045;1667;1357;3626;43,1
2019;20191231;057110008;Sennestadt;21976;243;463;469;249;901;938;265;732;733;959;1247;2672;1288;4556;1442;1100;807;2912;43,8
2019;20191231;057110009;Senne;21135;204;463;448;193;846;888;214;682;710;879;1191;2611;1318;4720;1408;1132;819;2409;43,6
2019;20190630;057110000;Mitte;81570;841;1557;1416;590;2466;2443;640;1815;2713;6376;9016;13873;4986;15954;4131;3481;2611;6661;40,6
2019;20190630;057110001;Schildesche;42333;367;816;738;385;1426;1416;342;1005;1495;3106;3696;5662;2363;8592;2360;2011;1591;4962;42,9
2019;20190630;057110002;Gadderbaum;10362;81;153;134;78;315;356;88;292;369;544;656;1311;622;2517;680;546;390;1230;45
2019;20190630;057110003;Brackwede;40731;415;906;806;401;1496;1534;388;1186;1314;1936;2677;5430;2496;8779;2503;2037;1679;4748;43,5
2019;20190630;057110004;Dornberg;19545;145;361;361;162;692;648;173;499;677;1067;1244;2317;1129;4232;1338;1118;899;2483;45
2019;20190630;057110005;Jöllenbeck;22295;217;432;412;216;868;891;208;693;745;954;1111;2569;1204;5230;1522;1269;1025;2729;44,8
2019;20190630;057110006;Heepen;47353;458;991;1015;486;2054;2090;531;1702;1788;2194;2864;5617;2863;10029;2922;2572;1813;5364;42,8
2019;20190630;057110007;Stieghorst;32225;326;698;667;337;1277;1323;348;1077;1192;1491;2053;3937;1931;6898;2049;1662;1312;3647;43,1
2019;20190630;057110008;Sennestadt;21915;245;426;486;230;885;951;252;727;758;953;1281;2622;1255;4587;1390;1108;810;2949;43,9
2019;20190630;057110009;Senne;21153;211;458;447;193;842;889;208;703;697;881;1179;2615;1329;4765;1403;1104;823;2406;43,6
2018;20181231;057110000;Mitte;81809;801;1553;1398;616;2464;2511;614;1839;2861;6412;9077;13808;5001;16076;4102;3422;2570;6684;40,5
2018;20181231;057110001;Schildesche;42263;398;809;721;376;1427;1397;367;997;1522;3100;3657;5596;2341;8617;2338;2016;1593;4991;42,9
2018;20181231;057110002;Gadderbaum;10342;74;150;135;75;307;367;87;296;406;532;669;1285;657;2487;679;518;393;1225;44,9
2018;20181231;057110003;Brackwede;40646;404;887;783;394;1463;1539;391;1184;1338;1916;2761;5382;2476;8816;2471;2030;1686;4725;43,5
2018;20181231;057110004;Dornberg;19486;154;354;339;158;691;622;160;532;696;1049;1235;2280;1150;4265;1314;1115;897;2475;45
2018;20181231;057110005;Jöllenbeck;22258;195;433;439;205;870;886;209;706;748;932;1152;2547;1232;5265;1482;1261;1021;2675;44,7
2018;20181231;057110006;Heepen;47429;463;1029;972;510;2020;2105;569;1685;1826;2207;2820;5632;2866;10126;2861;2560;1791;5387;42,7
2018;20181231;057110007;Stieghorst;32202;320;666;712;317;1253;1340;348;1099;1170;1546;2011;3918;1950;6940;2012;1695;1260;3645;43
2018;20181231;057110008;Sennestadt;21809;213;436;464;220;901;945;243;733;754;912;1286;2607;1272;4583;1366;1111;800;2963;44
2018;20181231;057110009;Senne;21123;191;466;424;209;853;867;228;698;701;866;1166;2650;1308;4801;1360;1098;840;2397;43,6
2018;20180630;057110000;Mitte;80701;773;1579;1309;619;2446;2469;567;1853;2800;6245;8813;13527;4943;16054;4064;3402;2549;6689;40,6
2018;20180630;057110001;Schildesche;42238;406;792;753;360;1437;1394;343;1016;1514;3111;3638;5553;2362;8647;2340;1973;1622;4977;42,9
2018;20180630;057110002;Gadderbaum;10262;63;145;156;65;317;361;81;303;396;536;669;1248;657;2472;683;493;400;1217;44,8
2018;20180630;057110003;Brackwede;40528;404;863;784;379;1450;1545;406;1173;1351;1913;2780;5250;2514;8830;2449;2010;1691;4736;43,5
2018;20180630;057110004;Dornberg;19353;165;333;329;153;681;645;144;546;677;1069;1205;2248;1124;4251;1319;1125;885;2454;45,1
2018;20180630;057110005;Jöllenbeck;22250;186;435;423;199;871;875;235;695;795;936;1127;2532;1272;5256;1448;1285;1006;2674;44,6
2018;20180630;057110006;Heepen;47339;482;1004;983;518;2022;2098;525;1710;1819;2197;2791;5609;2854;10123;2865;2555;1739;5445;42,7
2018;20180630;057110007;Stieghorst;32344;315;712;674;303;1297;1355;361;1111;1193;1550;2021;3901;1963;7025;1987;1712;1239;3625;42,9
2018;20180630;057110008;Sennestadt;21756;196;454;463;232;886;946;260;707;759;922;1303;2593;1217;4558;1367;1092;809;2992;44
2018;20180630;057110009;Senne;21001;181;472;410;214;819;869;240;681;727;847;1191;2581;1296;4803;1351;1080;840;2399;43,6
2017;20171231;057110000;Mitte;80406;778;1538;1282;631;2438;2453;577;1850;2900;6225;8793;13427;4944;16046;4002;3334;2532;6656;40,6
2017;20171231;057110001;Schildesche;42050;382;805;733;365;1422;1399;314;1030;1606;3087;3551;5473;2361;8627;2350;1908;1677;4960;42,9
2017;20171231;057110002;Gadderbaum;10301;73;144;151;70;327;358;90;307;394;527;700;1231;669;2475;678;474;407;1226;44,7
2017;20171231;057110003;Brackwede;40455;424;797;786;365;1457;1545;388;1210;1416;1884;2775;5213;2543;8838;2363;2017;1685;4749;43,5
2017;20171231;057110004;Dornberg;19313;145;344;295;154;676;641;157;543;694;1085;1174;2242;1102;4317;1274;1113;931;2426;45,1
2017;20171231;057110005;Jöllenbeck;22120;199;385;447;222;845;861;239;724;791;903;1118;2470;1273;5265;1427;1287;1005;2659;44,6
2017;20171231;057110006;Heepen;47517;477;1006;1009;498;2043;2116;537;1736;1855;2211;2893;5571;2877;10150;2820;2492;1746;5480;42,6
2017;20171231;057110007;Stieghorst;32289;319;672;676;329;1297;1354;355;1135;1183;1524;2002;3871;1949;7081;1934;1706;1242;3660;42,9
2017;20171231;057110008;Sennestadt;21710;193;449;457;245;888;929;230;709;803;880;1322;2560;1212;4543;1345;1094;816;3035;44,1
2017;20171231;057110009;Senne;21058;205;459;399;206;837;867;235;715;710;861;1204;2587;1275;4883;1298;1076;859;2382;43,5
2017;20170630;057110000;Mitte;80402;859;1547;1238;643;2442;2398;564;1890;2900;6113;8824;13416;4989;16048;3984;3325;2491;6731;40,6
2017;20170630;057110001;Schildesche;41895;387;767;755;384;1409;1367;328;1030;1610;3014;3562;5426;2423;8579;2359;1864;1675;4956;42,9
2017;20170630;057110002;Gadderbaum;10340;89;154;136;62;338;338;94;318;417;529;670;1232;678;2498;681;474;403;1229;44,6
2017;20170630;057110003;Brackwede;40304;432;776;757;347;1452;1519;377;1199;1469;1860;2768;5153;2540;8862;2309;1998;1701;4785;43,6
2017;20170630;057110004;Dornberg;19215;159;317;300;171;673;614;177;547;684;1025;1186;2193;1130;4329;1259;1096;944;2411;45,1
2017;20170630;057110005;Jöllenbeck;22209;207;399;413;239;830;902;234;735;810;909;1151;2457;1272;5301;1442;1244;1011;2653;44,5
2017;20170630;057110006;Heepen;47447;474;982;994;499;2035;2085;572;1729;1872;2223;2841;5555;2894;10181;2791;2482;1765;5473;42,6
2017;20170630;057110007;Stieghorst;32271;345;657;646;346;1282;1377;378;1120;1173;1508;2053;3863;1913;7103;1914;1699;1250;3644;42,9
2017;20170630;057110008;Sennestadt;21701;194;482;438;232;865;940;217;698;787;909;1346;2504;1189;4582;1326;1073;821;3098;44,2
2017;20170630;057110009;Senne;21067;216;446;411;185;859;873;215;724;727;860;1205;2572;1292;4889;1292;1060;857;2384;43,4
2016;20161231;057110000;Mitte;80144;824;1487;1252;591;2462;2365;555;1918;2952;6051;8806;13360;5013;16036;3959;3254;2525;6734;40,6
2016;20161231;057110001;Schildesche;41887;391;764;744;372;1372;1360;311;1064;1652;2956;3561;5470;2473;8577;2321;1874;1684;4941;42,9
2016;20161231;057110002;Gadderbaum;10321;80;146;140;69;344;333;89;319;429;514;704;1218;668;2480;667;483;398;1240;44,6
2016;20161231;057110003;Brackwede;40069;377;749;728;351;1446;1498;378;1253;1444;1897;2766;4980;2536;8884;2320;1976;1703;4783;43,7
2016;20161231;057110004;Dornberg;19202;150;313;307;162;670;623;183;560;696;1003;1194;2147;1145;4338;1252;1079;953;2427;45,1
2016;20161231;057110005;Jöllenbeck;22192;188;434;440;223;835;889;227;754;814;908;1164;2433;1299;5319;1393;1244;1025;2603;44,3
2016;20161231;057110006;Heepen;47606;506;969;996;502;2039;2150;580;1731;1862;2256;2858;5593;2912;10136;2799;2426;1793;5498;42,5
2016;20161231;057110007;Stieghorst;32293;308;686;658;319;1298;1388;394;1115;1190;1489;2046;3846;1936;7147;1899;1644;1250;3680;42,9
2016;20161231;057110008;Sennestadt;21674;219;442;439;205;865;918;236;737;757;936;1350;2475;1199;4599;1297;1026;865;3109;44,2
2016;20161231;057110009;Senne;20964;202;405;410;215;845;875;215;728;730;871;1188;2527;1300;4875;1291;1024;872;2391;43,5
2016;20160630;057110000;Mitte;79645;829;1420;1270;619;2443;2274;600;1904;2853;5922;8724;13291;5087;15986;3957;3187;2610;6669;40,7
2016;20160630;057110001;Schildesche;41660;385;767;739;395;1320;1364;342;1056;1550;2902;3557;5437;2522;8515;2295;1849;1803;4862;43
2016;20160630;057110002;Gadderbaum;10397;69;160;127;81;334;331;93;318;432;524;709;1239;673;2520;665;484;407;1231;44,6
2016;20160630;057110003;Brackwede;39944;367;731;705;338;1439;1527;382;1248;1443;1907;2702;4974;2553;8891;2278;1954;1770;4735;43,7
2016;20160630;057110004;Dornberg;19127;147;310;321;168;630;650;173;566;652;1014;1171;2151;1144;4350;1224;1098;972;2386;45,1
2016;20160630;057110005;Jöllenbeck;22106;201;414;421;216;812;915;206;779;791;905;1174;2390;1339;5309;1350;1238;1065;2581;44,4
2016;20160630;057110006;Heepen;47981;456;986;1021;496;2077;2187;563;1784;1870;2325;2930;5638;2973;10171;2794;2352;1891;5467;42,4
2016;20160630;057110007;Stieghorst;32325;322;688;663;326;1270;1418;361;1093;1147;1532;2113;3865;1930;7154;1902;1651;1261;3629;42,8
2016;20160630;057110008;Sennestadt;21558;210;428;446;185;888;896;212;777;757;911;1294;2470;1231;4561;1269;997;920;3106;44,3
2016;20160630;057110009;Senne;20900;200;402;384;218;828;871;214;729;715;930;1212;2489;1278;4862;1296;1002;901;2369;43,5
2015;20151231;057110000;Mitte;79153;796;1368;1237;626;2418;2277;577;1891;2823;5824;8661;13201;5133;15918;3874;3126;2736;6667;40,8
2015;20151231;057110001;Schildesche;41395;404;731;736;365;1342;1312;345;1079;1582;2900;3431;5402;2525;8479;2252;1816;1882;4812;43
2015;20151231;057110002;Gadderbaum;10367;61;158;130;75;340;339;87;324;410;550;710;1215;680;2511;649;464;432;1232;44,6
2015;20151231;057110003;Brackwede;39729;350;719;683;342;1409;1489;385;1261;1400;1995;2624;4932;2559;8854;2219;1938;1885;4685;43,8
2015;20151231;057110004;Dornberg;19126;161;306;307;194;615;662;190;541;652;1026;1174;2119;1181;4353;1205;1054;1011;2375;45,1
2015;20151231;057110005;Jöllenbeck;21919;173;426;430;205;793;887;230;769;753;893;1141;2355;1390;5289;1317;1211;1127;2530;44,5
2015;20151231;057110006;Heepen;48028;423;1014;1005;515;2090;2183;525;1793;1864;2367;2975;5607;3036;10126;2818;2263;2007;5417;42,3
2015;20151231;057110007;Stieghorst;32194;334;666;668;317;1266;1428;361;1068;1139;1545;2074;3850;1959;7146;1844;1611;1321;3597;42,8
2015;20151231;057110008;Sennestadt;21367;188;429;430;196;879;896;210;755;737;898;1255;2416;1237;4561;1220;968;998;3094;44,5
2015;20151231;057110009;Senne;20720;203;387;387;191;832;865;219;729;693;926;1161;2479;1260;4846;1290;953;954;2345;43,6
2015;20150630;057110000;Mitte;78144;784;1294;1278;594;2342;2245;572;1830;2626;5744;8595;13016;5172;15735;3889;3019;2805;6604;40,9
2015;20150630;057110001;Schildesche;41078;381;740;759;305;1368;1330;326;1099;1460;2804;3382;5396;2496;8493;2212;1748;2004;4775;43,1
2015;20150630;057110002;Gadderbaum;10339;83;132;134;82;332;340;95;319;385;572;684;1200;712;2526;608;462;463;1210;44,6
2015;20150630;057110003;Brackwede;39005;347;693;653;354;1381;1437;373;1268;1316;1926;2452;4753;2510;8834;2176;1887;2000;4645;44,1
2015;20150630;057110004;Dornberg;19037;155;301;327;167;628;649;183;538;613;1034;1149;2075;1206;4366;1195;1023;1077;2351;45,2
2015;20150630;057110005;Jöllenbeck;21971;185;414;431;196;828;857;246;782;755;933;1120;2349;1459;5299;1302;1154;1207;2454;44,3
2015;20150630;057110006;Heepen;47065;434;942;987;500;2013;2137;536;1747;1689;2275;2848;5468;3006;10050;2805;2139;2139;5350;42,7
2015;20150630;057110007;Stieghorst;31965;311;659;659;296;1290;1395;353;1097;1114;1544;2000;3786;2000;7120;1836;1536;1409;3560;42,9
2015;20150630;057110008;Sennestadt;21237;199;426;406;197;869;871;237;756;689;905;1235;2334;1244;4616;1192;939;1045;3077;44,6
2015;20150630;057110009;Senne;20366;191;360;371;187;804;845;227;719;687;887;1122;2385;1250;4842;1251;933;1002;2303;43,8
2014;20141231;057110000;Mitte;78043;728;1327;1251;587;2376;2209;576;1865;2557;5815;8584;12895;5278;15636;3828;2981;2945;6605;41
2014;20141231;057110001;Schildesche;41070;355;714;729;316;1368;1306;354;1113;1462;2832;3337;5394;2602;8489;2164;1757;2078;4700;43,2
2014;20141231;057110002;Gadderbaum;10301;79;134;134;84;324;343;96;315;398;567;664;1182;737;2512;605;440;484;1203;44,6
2014;20141231;057110003;Brackwede;38826;355;670;668;319;1410;1429;393;1280;1278;1910;2374;4739;2584;8753;2173;1843;2065;4583;44,1
2014;20141231;057110004;Dornberg;19074;144;302;328;166;621;667;178;538;645;1018;1131;2115;1201;4399;1180;1001;1145;2295;45,1
2014;20141231;057110005;Jöllenbeck;21861;205;418;410;182;826;885;240;795;729;937;1098;2326;1477;5255;1325;1118;1249;2386;44,2
2014;20141231;057110006;Heepen;46947;467;922;989;481;2014;2129;572;1712;1689;2295;2828;5409;3033;10008;2770;2084;2308;5237;42,6
2014;20141231;057110007;Stieghorst;31842;312;642;633;305;1281;1409;347;1086;1109;1538;1973;3727;2066;7094;1842;1472;1482;3524;42,9
2014;20141231;057110008;Sennestadt;21209;205;431;381;207;872;863;236;763;684;922;1219;2328;1228;4599;1186;922;1147;3016;44,6
2014;20141231;057110009;Senne;20154;156;346;367;190;798;837;241;715;659;886;1103;2320;1272;4853;1193;894;1056;2268;43,8
2014;20140630;057110000;Mitte;77625;693;1345;1275;602;2400;2201;580;1824;2470;5700;8571;12753;5353;15515;3813;2943;3018;6569;41
2014;20140630;057110001;Schildesche;40920;380;714;676;340;1356;1297;328;1111;1410;2865;3364;5384;2649;8368;2155;1727;2155;4641;43,2
2014;20140630;057110002;Gadderbaum;10248;63;116;155;77;320;350;96;308;397;541;664;1162;740;2507;617;444;513;1178;44,8
2014;20140630;057110003;Brackwede;38552;339;660;668;320;1391;1422;378;1320;1270;1908;2301;4669;2666;8636;2131;1831;2147;4495;44,1
2014;20140630;057110004;Dornberg;19120;129;315;326;165;644;658;183;549;611;995;1147;2114;1237;4434;1166;999;1178;2270;45,2
2014;20140630;057110005;Jöllenbeck;21848;193;397;398;183;835;910;256;792;728;917;1125;2285;1515;5277;1326;1083;1272;2356;44,1
2014;20140630;057110006;Heepen;46763;435;960;965;494;1996;2132;568;1708;1672;2226;2804;5423;3035;10026;2751;2019;2388;5161;42,6
2014;20140630;057110007;Stieghorst;31853;323;649;599;320;1271;1388;380;1077;1085;1569;1974;3746;2095;7071;1821;1434;1577;3474;42,9
2014;20140630;057110008;Sennestadt;21190;200;434;392;214;867;859;218;741;708;991;1175;2317;1247;4566;1182;910;1206;2963;44,5
2014;20140630;057110009;Senne;20197;154;336;384;183;801;860;227;732;689;868;1122;2286;1308;4839;1177;924;1083;2224;43,8
2013;20131231;057110000;Mitte;77683;684;1349;1273;657;2373;2220;592;1778;2567;5691;8584;12739;5462;15454;3769;2890;3105;6496;40,9
2013;20131231;057110001;Schildesche;40824;346;725;651;338;1362;1285;327;1107;1444;2853;3384;5297;2720;8324;2153;1719;2237;4552;43,2
2013;20131231;057110002;Gadderbaum;10238;63;123;158;79;321;351;95;324;407;542;611;1167;747;2492;601;458;547;1152;44,8
2013;20131231;057110003;Brackwede;38575;327;656;674;361;1417;1445;402;1309;1289;1876;2288;4674;2723;8609;2126;1848;2180;4371;43,9
2013;20131231;057110004;Dornberg;19081;126;301;346;144;642;674;184;534;621;977;1140;2099;1269;4426;1174;1003;1208;2213;45,2
2013;20131231;057110005;Jöllenbeck;21925;187;420;378;206;815;951;235;823;743;894;1143;2335;1566;5247;1325;1070;1306;2281;43,9
2013;20131231;057110006;Heepen;46684;416;942;955;513;1988;2137;550;1693;1706;2260;2801;5391;3041;10062;2736;1981;2478;5034;42,6
2013;20131231;057110007;Stieghorst;31797;286;648;598;323;1258;1392;356;1102;1058;1591;1980;3789;2137;7017;1838;1395;1653;3376;42,9
2013;20131231;057110008;Sennestadt;21020;181;415;396;220;847;837;234;705;713;988;1167;2294;1261;4518;1160;893;1290;2901;44,7
2013;20131231;057110009;Senne;20184;170;353;377;198;784;886;209;727;680;861;1116;2274;1345;4806;1171;942;1104;2181;43,7
